"this url:https://www.e-nummersok.se/sok?Query=0612, 061205"
Produkter
Listor
Leverantör
Sök
Visa alla:
Listor
Leverantörer
Start
"Sökresultat för ""0612, 061205"""
Sortera på
Relevans
E-nummer
Senast inlagd
Endast aktiva
Endast med bild
Filter
Visar 0 av 0 artiklar
Listor
Leverantörer
Varumärken
Dokument
Filter
Inga träffar!
Vänligen ange ett sökvillkor
"this url:https://www.e-nummersok.se/sok?Query=0612, 061205"
Produkter
Listor
Leverantör
Sök
Visa alla:
Listor
Leverantörer
Start
"Sökresultat för ""0612, 061205"""
Sortera på
Relevans
E-nummer
Senast inlagd
Endast aktiva
Endast med bild
Filter
Visar 0 av 0 artiklar
Listor
Leverantörer
Varumärken
Dokument
Filter
Inga träffar!
Vänligen ange ett sökvillkor
"this url:https://www.e-nummersok.se/sok?Query=100019939, 0604, 060490"
Produkter
Listor
Leverantör
Sök
Visa alla:
Listor
Leverantörer
Start
"Sökresultat för ""100019939, 0604, 060490"""
Sortera på
Relevans
E-nummer
Senast inlagd
Endast aktiva
Endast med bild
Filter
Visar 0 av 0 artiklar
Listor
Leverantörer
Varumärken
Dokument
Filter
Inga träffar!
Vänligen ange ett sökvillkor
"this url:https://www.e-nummersok.se/sok?Query=2737, 0613, 061301"
Produkter
Listor
Leverantör
Sök
Visa alla:
Listor
Leverantörer
Start
"Sökresultat för ""2737, 0613, 061301"""
Sortera på
Relevans
E-nummer
Senast inlagd
Endast aktiva
Endast med bild
Filter
Visar 0 av 0 artiklar
Listor
Leverantörer
Varumärken
Dokument
Filter
Inga träffar!
Vänligen ange ett sökvillkor
"this url:https://www.e-nummersok.se/sok?Query=0612, 061205"
Produkter
Listor
Leverantör
Sök
Visa alla:
Listor
Leverantörer
Start
"Sökresultat för ""0612, 061205"""
Sortera på
Relevans
E-nummer
Senast inlagd
Endast aktiva
Endast med bild
Filter
Visar 0 av 0 artiklar
Listor
Leverantörer
Varumärken
Dokument
Filter
Inga träffar!
Vänligen ange ett sökvillkor
"this url:https://www.e-nummersok.se/sok?Query=100019939, 0604, 060490"
Produkter
Listor
Leverantör
Sök
Visa alla:
Listor
Leverantörer
Start
"Sökresultat för ""100019939, 0604, 060490"""
Sortera på
Relevans
E-nummer
Senast inlagd
Endast aktiva
Endast med bild
Filter
Visar 0 av 0 artiklar
Listor
Leverantörer
Varumärken
Dokument
Filter
Inga träffar!
Vänligen ange ett sökvillkor
"this url:https://www.e-nummersok.se/sok?Query=0612, 061205"
Produkter
Listor
Leverantör
Sök
Visa alla:
Listor
Leverantörer
Start
"Sökresultat för ""0612, 061205"""
Sortera på
Relevans
E-nummer
Senast inlagd
Endast aktiva
Endast med bild
Filter
Visar 0 av 0 artiklar
Listor
Leverantörer
Varumärken
Dokument
Filter
Inga träffar!
Vänligen ange ett sökvillkor
"this url:https://www.e-nummersok.se/sok?Query=0612, 061205"
Produkter
Listor
Leverantör
Sök
Visa alla:
Listor
Leverantörer
Start
"Sökresultat för ""0612, 061205"""
Sortera på
Relevans
E-nummer
Senast inlagd
Endast aktiva
Endast med bild
Filter
Visar 0 av 0 artiklar
Listor
Leverantörer
Varumärken
Dokument
Filter
Inga träffar!
Vänligen ange ett sökvillkor
"this url:https://www.e-nummersok.se/sok?Query=0612, 061205"
Produkter
Listor
Leverantör
Sök
Visa alla:
Listor
Leverantörer
Start
"Sökresultat för ""0612, 061205"""
Sortera på
Relevans
E-nummer
Senast inlagd
Endast aktiva
Endast med bild
Filter
Visar 0 av 0 artiklar
Listor
Leverantörer
Varumärken
Dokument
Filter
Inga träffar!
Vänligen ange ett sökvillkor
"this url:https://www.e-nummersok.se/sok?Query=100019939, 0604, 060490"
Produkter
Listor
Leverantör
Sök
Visa alla:
Listor
Leverantörer
Start
"Sökresultat för ""100019939, 0604, 060490"""
Sortera på
Relevans
E-nummer
Senast inlagd
Endast aktiva
Endast med bild
Filter
Visar 0 av 0 artiklar
Listor
Leverantörer
Varumärken
Dokument
Filter
Inga träffar!
Vänligen ange ett sökvillkor
"this url:https://www.e-nummersok.se/sok?Query=0612, 061205"
Produkter
Listor
Leverantör
Sök
Visa alla:
Listor
Leverantörer
Start
"Sökresultat för ""0612, 061205"""
Sortera på
Relevans
E-nummer
Senast inlagd
Endast aktiva
Endast med bild
Filter
Visar 0 av 0 artiklar
Listor
Leverantörer
Varumärken
Dokument
Filter
Inga träffar!
Vänligen ange ett sökvillkor
"this url:https://www.e-nummersok.se/sok?Query=100019939, 0604, 060490"
Produkter
Listor
Leverantör
Sök
Visa alla:
Listor
Leverantörer
Start
"Sökresultat för ""100019939, 0604, 060490"""
Sortera på
Relevans
E-nummer
Senast inlagd
Endast aktiva
Endast med bild
Filter
Visar 0 av 0 artiklar
Listor
Leverantörer
Varumärken
Dokument
Filter
Inga träffar!
Vänligen ange ett sökvillkor
"this url:https://www.e-nummersok.se/sok?Query=2737, 0613, 061301"
Produkter
Listor
Leverantör
Sök
Visa alla:
Listor
Leverantörer
Start
"Sökresultat för ""2737, 0613, 061301"""
Sortera på
Relevans
E-nummer
Senast inlagd
Endast aktiva
Endast med bild
Filter
Visar 0 av 0 artiklar
Listor
Leverantörer
Varumärken
Dokument
Filter
Inga träffar!
Vänligen ange ett sökvillkor
"this url:https://www.e-nummersok.se/sok?Query=144646, 0612, 061201"
Produkter
Listor
Leverantör
Sök
Visa alla:
Listor
Leverantörer
Start
"Sökresultat för ""144646, 0612, 061201"""
Sortera på
Relevans
E-nummer
Senast inlagd
Endast aktiva
Endast med bild
Filter
Visar 0 av 0 artiklar
Listor
Leverantörer
Varumärken
Dokument
Filter
Inga träffar!
Vänligen ange ett sökvillkor
"this url:https://www.e-nummersok.se/sok?Query=14499, 2835090141, 0604, 060490"
Produkter
Listor
Leverantör
Sök
Visa alla:
Listor
Leverantörer
Start
"Sökresultat för ""14499, 2835090141, 0604, 060490"""
Sortera på
Relevans
E-nummer
Senast inlagd
Endast aktiva
Endast med bild
Filter
Visar 0 av 0 artiklar
Listor
Leverantörer
Varumärken
Dokument
Filter
Inga träffar!
Vänligen ange ett sökvillkor
"this url:https://www.e-nummersok.se/sok?Query=14502, 2835140141, 0604, 060490"
Produkter
Listor
Leverantör
Sök
Visa alla:
Listor
Leverantörer
Start
"Sökresultat för ""14502, 2835140141, 0604, 060490"""
Sortera på
Relevans
E-nummer
Senast inlagd
Endast aktiva
Endast med bild
Filter
Visar 0 av 0 artiklar
Listor
Leverantörer
Varumärken
Dokument
Filter
Inga träffar!
Vänligen ange ett sökvillkor
"this url:https://www.e-nummersok.se/sok?Query=14503, 2835210141, 0604, 060490"
Produkter
Listor
Leverantör
Sök
Visa alla:
Listor
Leverantörer
Start
"Sökresultat för ""14503, 2835210141, 0604, 060490"""
Sortera på
Relevans
E-nummer
Senast inlagd
Endast aktiva
Endast med bild
Filter
Visar 0 av 0 artiklar
Listor
Leverantörer
Varumärken
Dokument
Filter
Inga träffar!
Vänligen ange ett sökvillkor
"this url:https://www.e-nummersok.se/sok?Query=10008, 0609, 060904"
Produkter
Listor
Leverantör
Sök
Visa alla:
Listor
Leverantörer
Start
"Sökresultat för ""10008, 0609, 060904"""
Sortera på
Relevans
E-nummer
Senast inlagd
Endast aktiva
Endast med bild
Filter
Visar 0 av 0 artiklar
Listor
Leverantörer
Varumärken
Dokument
Filter
Inga träffar!
Vänligen ange ett sökvillkor
"this url:https://www.e-nummersok.se/sok?Query=10009, 0609, 060904"
Produkter
Listor
Leverantör
Sök
Visa alla:
Listor
Leverantörer
Start
"Sökresultat för ""10009, 0609, 060904"""
Sortera på
Relevans
E-nummer
Senast inlagd
Endast aktiva
Endast med bild
Filter
Visar 0 av 0 artiklar
Listor
Leverantörer
Varumärken
Dokument
Filter
Inga träffar!
Vänligen ange ett sökvillkor
"this url:https://www.e-nummersok.se/sok?Query=10010, 0609, 060904"
Produkter
Listor
Leverantör
Sök
Visa alla:
Listor
Leverantörer
Start
"Sökresultat för ""10010, 0609, 060904"""
Sortera på
Relevans
E-nummer
Senast inlagd
Endast aktiva
Endast med bild
Filter
Visar 0 av 0 artiklar
Listor
Leverantörer
Varumärken
Dokument
Filter
Inga träffar!
Vänligen ange ett sökvillkor
"this url:https://www.e-nummersok.se/sok?Query=10011, 0609, 060904"
Produkter
Listor
Leverantör
Sök
Visa alla:
Listor
Leverantörer
Start
"Sökresultat för ""10011, 0609, 060904"""
Sortera på
Relevans
E-nummer
Senast inlagd
Endast aktiva
Endast med bild
Filter
Visar 0 av 0 artiklar
Listor
Leverantörer
Varumärken
Dokument
Filter
Inga träffar!
Vänligen ange ett sökvillkor
"this url:https://www.e-nummersok.se/sok?Query=100260, 2324, 0620, 062090"
Produkter
Listor
Leverantör
Sök
Visa alla:
Listor
Leverantörer
Start
"Sökresultat för ""100260, 2324, 0620, 062090"""
Sortera på
Relevans
E-nummer
Senast inlagd
Endast aktiva
Endast med bild
Filter
Visar 0 av 0 artiklar
Listor
Leverantörer
Varumärken
Dokument
Filter
Inga träffar!
Vänligen ange ett sökvillkor
