"https://www.google.com/search?q=hosch%20%20RRG1-120-PV%20stKlicka här om du inte omdirigeras inom några sekunder.Länkar för tillgänglighetFortsätt till huvudinnehållet Inaktivera kontinuerlig scrollningAktivera kontinuerlig scrollningHjälp för tillgänglighetFeedback om tillgänglighetsv‪Svenska‬‪Afrikaans‬‪azərbaycan‬‪bosanski‬‪català‬‪Čeština‬‪Cymraeg‬‪Dansk‬‪Deutsch‬‪eesti‬‪English (United Kingdom)‬‪English (United States)‬‪English‬‪Español (España)‬‪Español (Latinoamérica)‬‪euskara‬‪Filipino‬‪Français (Canada)‬‪Français (France)‬‪Gaeilge‬‪galego‬‪Hrvatski‬‪Indonesia‬‪isiZulu‬‪íslenska‬‪Italiano‬‪Kiswahili‬‪latviešu‬‪lietuvių‬‪magyar‬‪Melayu‬‪Nederlands‬‪norsk‬‪o‘zbek‬‪polski‬‪Português (Brasil)‬‪Português (Portugal)‬‪română‬‪shqip‬‪Slovenčina‬‪slovenščina‬‪srpski (latinica)‬‪Suomi‬‪Tiếng Việt‬‪Türkçe‬‪Ελληνικά‬‪беларуская‬‪български‬‪кыргызча‬‪македонски‬‪монгол‬‪Русский‬‪српски (ћирилица)‬‪Українська‬‪ქართული‬‪қазақ тілі‬‪հայերեն‬‫עברית‬‫اردو‬‫العربية‬‫فارسی‬‪አማርኛ‬‪नेपाली‬‪मराठी‬‪हिन्दी‬‪বাংলা‬‪ਪੰਜਾਬੀ‬‪ગુજરાતી‬‪தமிழ்‬‪తెలుగు‬‪ಕನ್ನಡ‬‪മലയാളം‬‪සිංහල‬‪ไทย‬‪ລາວ‬‪မြန်မာ‬‪ខ្មែរ‬‪한국어‬‪中文（香港）‬‪日本語‬‪简体中文‬‪繁體中文‬Logga inInnan du fortsätter till GoogleVi använder cookies och data för attleverera och underhålla Googles tjänsterspåra avbrott och skydda mot spam, bedrägeri och otillåten användningmäta målgruppsengagemang och webbplatsstatistik så att vi kan analysera hur våra tjänster används och förbättra tjänsternas kvalitet.Om du väljer knappen Godkänn alla använder vi även cookies och data för attutveckla och förbättra nya tjänsterleverera annonser och mäta hur effektiva de ärvisa anpassat innehåll utifrån dina inställningarvisa anpassade annonser utifrån dina inställningarOm du väljer knappen Avvisa alla använder vi inte cookies i dessa ytterligare syften.Innehåll utan anpassning påverkas bland annat av vad du tittar på för tillfället, aktivitet i din aktiva söksession och din plats. Innehåll utan anpassning påverkas bland annat av vad du tittar på för tillfället och din ungefärliga plats. Innehåll och annonser med anpassning kan även omfatta mer relevanta resultat, rekommendationer och anpassade annonser utifrån tidigare aktivitet i webbläsaren, till exempel tidigare sökningar på Google. Vi använder även cookies och data för att anpassa upplevelsen efter lämplighet för din målgrupp, om tillämpligt.Välj knappen Fler alternativ för mer information, till exempel om hur du hanterar dina integritetsinställningar. Du kan även besöka g.co/privacytools när som helst.Avvisa allaGodkänn allaFler alternativIntegritet·Villkor  Tryck på / för att hoppa till sökrutanhosch  RRG1-120-PV st             Se merRaderaRaderaRapportera olämpliga förslag     SöklägenAlltBilderProdukterKartorVideorFlerVerktygSafeSearchUngefär 5 resultat (0,18 sekunder)   SökresultatHuvudresultatHOSCH Trackerroller Bandstyrning Typ RR1/RRG1LBM ABhttp://www.lbm-ab.se › files › bandstyrning › rr...LBM ABhttp://www.lbm-ab.se › files › bandstyrning › rr...PDFHOSCH Trackerroller typ RR1/RRG1 används på bandets returpart för att säkerställa bandets centrering även för reversibel drift. Trackerrollern är monterad på ...12 sidorHOSCH Trackerroller Bandstyrning Typ R1/RG1LBM ABhttp://www.lbm-ab.se › Gismo › files › bandsty...LBM ABhttp://www.lbm-ab.se › Gismo › files › bandsty...PDFPB : Kontaktpunkt för manteln mot bandet. PV : Centrumlinje för fästen. H : 88 mm (105 mm*). (*Måtten för konsoller är för trackerroller Typ ...12 sidorHOSCH TRACKER- ROLLER BAND- STYRNINGDocPlayer.sehttps://docplayer.se › 14737639-Hosch-tracker-roller-...DocPlayer.sehttps://docplayer.se › 14737639-Hosch-tracker-roller-...HOSH TRKR- ROLLR N- STYRNING Installations- och användarmanual TYP RR2/3-V Säkerhet Viktig information Meningen med denna manual är att hjälpa er att ...HOSCH TRACKER- ROLLER BAND- STYRNINGDocPlayer.sehttps://docplayer.se › 8594752-Hosch-tracker-roller-b...DocPlayer.sehttps://docplayer.se › 8594752-Hosch-tracker-roller-b...HOSCH Trackerroller typ R1/RG1 används på bandets returpart för att säkerställa bandets centrering. Huvudsakligt användningsområde HOSCH Trackerroller Typ R1/ ...A UPLC/MS-based metabolomics investigation of the ...National Institutes of Health (.gov)https://www.ncbi.nlm.nih.gov › ...National Institutes of Health (.gov)https://www.ncbi.nlm.nih.gov › ... · Översätt den här sidanav N Li · 2016 · Citerat av 60 — Ginsenoside Rg1 (G-Rg1) and G-Rg2 have been reported to alleviate memory deterioration. However, the mechanism of their anti-AD effect has not yet been clearly ...Aviseringar om filtrerade resultat För att du ska få så relevanta resultat som möjligt har vi utelämnat vissa resultat som är snarlika de 5 som redan visas.Om du vill kan du göra om sökningen och ta med de utelämnade resultaten.     Länkar i sidfot"
----------------------------------------
https://support.google.com/websearch/answer/181196?hl=sv Fortsätt till huvudinnehållet           Tillgänglighet i Google SökSidan med sökresultat som visas efter en sökning är uppbyggd så att det ska vara enkelt att navigera på den med hjälpmedel som skärmläsare eller tangentbord.
Använda tillgänglighetslänkar på resultatsidor
På datorer visas tre tillgänglighetslänkar högst upp på alla sökresultatsidor:
"Hoppa till huvudinnehållet: Leder till det första innehållsobjektet på sidan, som ett sökresultat eller en annons."
Hjälp för tillgänglighet: Öppnar den här hjälpartikeln.
Feedback om tillgänglighet: Öppnar ett formulär där du kan ge feedback om tillgänglighet på Google Sök. Ange din feedback och välj Skicka.
Så här väljer du en tillgänglighetslänk:
Med tangentbord:
Tryck på tabbtangenten tills du kommer till önskad länk.
Tryck på Retur.
Med en skärmläsare: Använd snabbnavigeringsfunktionerna.
Navigera med avsnittsrubriker
På sökresultatsidan finns en hierarki av avsnittsrubriker som hjälper dig att navigera med en skärmläsare.
På datorer
"Rubriknivå 1 (h1): Viktiga områden på sidan, t.ex. sökresultat, annonser och navigeringsanvisningar."
"Rubriknivå 2 (h2): Titlar på grupperade resultat, t.ex. Sportresultat och Videor."
"Rubriknivå 3 (h3): Omfattar titlar på alla enskilda sökresultat, annonstitlar och begränsade grupperade resultat."
På telefoner och surfplattor
"Rubriknivå 1 (h1): Inkluderar Googles logotyp och länken Google, som leder till Googles startsida."
Rubriknivå 2 (h2): Den första rubriken på nivå 2 är för sökresultat. Den andra är för annonser.
Rubriknivå 3 (h3): Titlar på alla enskilda sökresultat och annonser.
Hitta fler tillgänglighetsalternativ
"Du kan upptäcka nya lösningar, dela tips på hur Googles tjänster kan användas och diskutera tillgänglighetsproblem med andra Google-användare genom att"
besöka google.com/accessibility
gå med i användargruppen för Google Tillgänglighet
true                   5391416526688597670                true       Sök i hjälpcentret  true   true   true    Hjälp om GoogleHjälpcenterGoogle SökSekretesspolicyAnvändarvillkorSkicka kommentarer    true true 100334                false                    SökRensa sökningStäng sökrutanHuvudmenyGoogles appar   false
----------------------------------------
"https://policies.google.com/technologies/cookies?utm_source=ucbs&hl=svIntegritet och användarvillkorÖversiktIntegritetspolicyAnvändarvillkorTeknikVanliga frågorGoogle-kontoTeknikAnnonseringSå använder Google cookiesTyper av cookies och annan teknik som Google använderHantera cookies i din webbläsareSå använder Google platsinformationSå använder Google kreditkortsnummer vid betalningarSå fungerar Google VoiceSekretessguide för Googles produkterSå lagrar Google data som vi samlar inTyper av cookies och annan teknik som Google använderHantera cookies i din webbläsareSå använder Google cookiesPå den här sidan beskrivs vilka typer av cookies och annan teknik som Google använder. Vi förklarar även hur Google och våra partner använder cookies i annonsering.Cookies är små filer som skickas till din webbläsare när du besöker en webbplats. Med hjälp av dem kan webbplatsen spara information om ditt besök så att nästa besök blir lättare och webbplatsen mer användbar för dig. Annan teknik, bland annat unika identifierare som är kopplade till en webbläsare, app eller enhet, pixlar och lokal lagring, kan också användas i samma syfte. Cookies och annan teknik som beskrivs på den här sidan kan användas i syftena som beskrivs nedan.I integritetspolicyn finns mer information om hur vi skyddar din integritet när vi använder cookies och andra uppgifter.Typer av cookies och annan teknik som Google använderVissa eller alla cookies och annan teknik som beskrivs nedan kan sparas i din webbläsare, app eller enhet. Om du vill styra hur cookies används och exempelvis avvisa vissa av dem kan du besöka g.co/privacytools. Du kan också hantera cookies i webbläsaren (den här funktionen kanske inte är synlig i webbläsare för mobila enheter). Annan teknik som används för att identifiera appar och enheter kan hanteras i inställningarna för appen eller enheten.FunktionerCookies och annan teknik som används för funktioner gör att du kommer åt de grundläggande funktionerna för en tjänst. Funktioner som räknas som grundläggande är bland annat inställningar, som ditt val av språk, information kopplad till din session, till exempel innehållet i en kundvagn och produktoptimeringar som bidrar till att underhålla och förbättra tjänsten.Vissa cookies och annan teknik används för att spara dina inställningar. De flesta som använder Google har till exempel cookien NID eller ENID i sina webbläsare beroende på sina cookie-inställningar. Dessa cookies används för att komma ihåg dina inställningar och annan information, till exempel det språk du har valt, hur många resultat du vill visa per sökresultatsida (t.ex. 10 eller 20) samt om du vill att Googles filter SafeSearch ska aktiveras. Varje NID löper ut 6 månader efter användarens senaste användning, medan cookien ENID varar i 13 månader. Cookies som heter VISITOR_INFO1_LIVE och YEC har en liknande funktion för YouTube och används även för att identifiera och lösa problem med tjänsten. Dessa cookies varar i 6 respektive 13 månader.Andra cookies och teknik används för att underhålla och förbättra upplevelsen under en viss session. Till exempel används cookien PREF på YouTube för att lagra information såsom din föredragna sidkonfiguration och uppspelningsinställningar som val för automatisk uppspelning av explicit innehåll, blandat innehåll och spelarstorlek. För YouTube Music omfattar dessa inställningar volym, upprepningsläge och automatiskt uppspelning. Denna cookie löper ut åtta månader efter användarens senaste användning. Cookien pm_sess används också för att hantera webbläsarsessionen och varar i 30 minuter.Cookies och annan teknik kan också användas för att göra att Googles tjänster fungerar bättre. Cookien CGIC förbättrar till exempel leveransen av sökresultat genom att autoslutföra sökfrågor utifrån den första indatan från användaren. Denna cookie gäller i sex månader.Google använder cookien CONSENT, som gäller i två år, för att lagra en användares val för cookies. En annan cookie, SOCS, gäller i 13 månader och används också för att lagra en användares val för cookies.SäkerhetCookies och annan teknik används för att autentisera användare på ett säkert sätt, förhindra bedrägeri och skydda dig när du interagerar med en tjänst.Dessa cookies och annan teknik används för att autentisera användare, så att endast den faktiska kontoägaren har åtkomst till kontot i fråga. Till exempel används två cookies som kallas SID och HSID. De innehåller digitalt signerade och krypterade register över användarens konto-id för Google och tidpunkten för den senaste inloggningen. Kombinationen av dessa cookies gör att Google kan förhindra många attacker, till exempel försök att stjäla innehåll i formulär som du skickar i Googles tjänster.Vissa cookies och annan teknik används för att förhindra spam, bedrägeri och otillåten användning. Cookies pm_sess, YSC och AEC ser exempelvis till att förfrågningar i en webbläsarsession kommer från användaren och inte från andra webbplatser. Dessa cookies förhindrar att skadliga webbplatser agerar å en användares vägnar utan användarens vetskap. Cookien pm_sess varar i 30 minuter medan cookien AEC varar i sex månader. Cookien YSC varar till användarens webbläsarsession avslutas.AnalysCookies och annan teknik som används för analys samlar in data som ger en bild av hur du interagerar med en viss tjänst. Med hjälp av detta underlag kan tjänster både förbättra innehåll och utveckla bättre funktioner så att din upplevelse blir bättre.Vissa cookies och annan teknik används för att webbplatser och appar ska få en bild av hur besökare använder deras tjänster. Google Analytics använder till exempel en uppsättning cookies för att samla in information och rapportera användningsstatistik för webbplatser utan att personligen identifiera enskilda besökare på Google. Cookien som Google Analytics använder främst, _ga, gör det möjligt att skilja på olika besökare och varar i två år. Alla webbplatser där Google Analytics är implementerat, inklusive Googles tjänster, använder cookien _ga. Varje _ga är unik för den enskilda egendomen, så cookien kan inte användas för att spåra en användare eller webbläsare från webbplats till webbplats.Cookies NID and ENID på Google Sök och cookies VISITOR_INFO1_LIVE och YEC på YouTube används också av Googles tjänster för analys.AnnonseringGoogle använder cookies för annonsering, bland annat för att visa och rendera annonser, anpassa annonser (beroende på dina inställningar på myadcenter.google.com och adssettings.google.com/partnerads), begränsa antalet gånger en annons visas för en användare, dölja annonser som användaren har valt att ignorera och mäta hur bra annonser fungerar.Cookien NID används för att visa Google-annonser i Googles tjänster för utloggade användare, medan ANID och IDE används för att visa Google-annonser på sidor utanför Google. Om du har aktiverat anpassade annonser används cookien ANID för att spara inställningar. Den gäller i 24 månader, förutom i Europeiska ekonomiska samarbetsområdet (EES), Schweiz och Förenade kungariket där den gäller i 13 månader. Om du har inaktiverat anpassade annonser används cookien ANID för att spara den inställningen fram till 2030. Cookien NID löper ut sex månader efter användarens senaste användning. Cookien IDE gäller i 24 månader, förutom i Europeiska ekonomiska samarbetsområdet (EES), Schweiz och Förenade kungariket där den gäller i 13 månader.Beroende på dina annonsinställningar kan andra tjänster från Google, till exempel YouTube, också använda dessa, andra cookies och annan teknik, som cookien VISITOR_INFO1_LIVE för annonsering.Vissa cookies och annan teknik som används för annonsering är avsedda för användare som loggar in i Googles tjänster. Cookien DSID används till exempel för att identifiera en inloggad användare på webbplatser som inte kommer från Google och för att komma ihåg om användaren har tillåtit annonsanpassning. Den gäller i två veckor.Företag kan annonsera i Googles tjänster och på webbplatser som inte kommer från Google via Googles annonseringsplattform. Vissa cookies stöder att Google visar annonser på webbplatser från tredje part, och de placeras på domänen för webbplatsen du besöker. Cookien _gads gör det exempelvis möjligt för webbplatser att visa Google-annonser. Cookies som inleds med _gac_ kommer från Google Analytics. Annonsörer använder dessa för att mäta användaraktivitet och annonskampanjers resultat. Cookies av typen _gads gäller i 13 månader och cookies av typen _gac_ gäller i 90 dagar.Vissa cookies och viss annan teknik används för att mäta annonsers och kampanjers resultat samt konverteringsfrekvenser för Google-annonser på en webbplats som du besöker. Exempel: Cookies som inleds med _gcl_ används främst för att hjälpa annonsörer att avgöra hur många gånger användare som klickar på deras annonser utför en åtgärd på webbplatsen, till exempel köper något. Cookies som används för att mäta konverteringsfrekvens används inte för att anpassa annonser. Cookies som inleds med _gcl_ gäller i 90 dagar.Mer information om cookies som används för annonsering finns här.AnpassningCookies och annan teknik som används för anpassning förbättrar upplevelsen genom att tillhandahålla anpassat innehåll och anpassade funktioner, beroende på dina inställningar på g.co/privacytools eller på dina app- och enhetsinställningar.Anpassning av innehåll och funktioner ger till exempel mer relevanta resultat och rekommendationer, en anpassad startsida på YouTube och annonser som bygger på dina intressen. Cookien VISITOR_INFO1_LIVE kan till exempel möjliggöra anpassade rekommendationer på YouTube utifrån tidigare visningar och sökningar. Och cookien NID möjliggör anpassade autoslutförandefunktioner på Sök när användaren skriver söktermer. Dessa cookies löper ut sex månader efter användarens senaste användning. En annan cookie för anpassning, UULE, skickar exakt platsinformation från webbläsaren till Googles servrar så att Google kan visa resultat som är relevanta för din plats. Användningen av den här cookien beror på webbläsarinställningarna och på huruvida du har valt att aktivera platsinställningen för webbläsaren. Cookien UULE gäller i upp till sex timmar.Innehåll och funktioner utan anpassning skiljer sig från anpassat innehåll och funktioner eftersom de påverkas av till exempel innehållet du tittar på nu, aktuella sökningar på Google och din ungefärliga plats.Hantera cookies i din webbläsareI de flesta webbläsare kan du styra hur cookies sparas och används medan du surfar samt rensa cookies och webbinformation. Det kan även finnas inställningar som låter dig styra hur cookies ska hanteras på olika webbplatser. I inställningarna för Google Chrome på chrome://settings/cookies kan du till exempel radera befintliga cookies, tillåta eller blockera alla cookies och ställa in cookieinställningar för olika webbplatser. Google Chrome erbjuder också ett inkognitoläge som raderar webbhistoriken och rensar cookies på enheten när du stänger alla inkognitofönster.Hantera annan teknik i appar och enheterDe flesta mobila enheter och appar låter dig hantera hur annan teknik sparas och används, t.ex. unika identifierare som är kopplade till en webbläsare, app eller enhet. Till exempel kan reklam-id:t på Android-enheter eller Apples reklam-id hanteras i enhetens inställningar, medan appspecifika identifierare oftast kan hanteras i appens inställningar.Ändra språk:AfrikaansBahasa IndonesiaBahasa MelayuCatalàČeštinaDanskDeutschEestiEnglishEnglish (United Kingdom)EspañolEspañol (Latinoamérica)EuskaraFilipinoFrançaisFrançais (Canada)GalegoHrvatskiIsizuluÍslenskaItalianoKiswahiliLatviešuLietuviųMagyarNederlandsNorskPolskiPortuguês (Brasil)Português (Portugal)RomânăSlovenčinaSlovenščinaSrpskiSuomiSvenskaTiếng ViệtTürkçeΕλληνικάБългарскиРусскийСрпскиУкраїнська‫עברית‬‫اردو‬‫العربية‬‫فارسی‬አማርኛमराठीहिन्दीবাংলাગુજરાતીதமிழ்తెలుగుಕನ್ನಡമലയാളംไทย한국어中文 (香港)中文（简体中文）中文（繁體中文）日本語GoogleOm GoogleIntegritetVillkorCenter för insynHuvudmenyGoogles appar"
----------------------------------------
http://www.lbm-ab.se/Gismo/files/432/bandstyrning/rr1-rrg1_installation-anvandarmanual_14631-10-de-sv.pdf----------------------------------------
http://www.lbm-ab.se/Gismo/files/432/bandstyrning/bandstyrning_trackerroller_r1-rg1_14631-00-de-sv.pdf----------------------------------------
https://docplayer.se/14737639-Hosch-tracker-roller-band-styrning.html
Logga in
Registrering
Sök
HOSCH TRACKER- ROLLER BAND- STYRNING
SHARE
HTML
DOWNLOAD
Save this PDF as: WORD
PNG
TXT
JPG
Storlek: 728x1040px
Starta visningen från sidan:
123456789101112
"Download ""HOSCH TRACKER- ROLLER BAND- STYRNING"""
Fel:
Download Document
Mattias Öberg
för 7 år sedan
Visningar: 28
Transkript
1 HOSH TRKR- ROLLR N- STYRNING Installations- och användarmanual TYP RR2/3-V
"2 Säkerhet Viktig information Meningen med denna manual är att hjälpa er att hantera denna utrustning säkert och effektivt. enna utrustning är utformad med ett säkerhetstänk och innehåller detaljer som skall förebygga skador. Hur som helst kan all utrustning vara farlig ifall man inte använder de korrekt. et är er skyldighet att använda denna utrustning enligt de skyddsinstruktioner som finns i denna manual samt de övriga säkerhetsföreskrifter som gäller på er arbetsplats. et är användarens ansvar att försäkra sig om att utrustningen blir korrekt installerad, modifierad, idrifttagen, servad och underhållen samt att dessa jobb utförs av personal som har full utbildning och kunskap för att utföra detta. På användarens ansvar ligger också att utrustningen endast används i överensstämmande med gällande lagar och förordningar. vsett användande nvändande Innan ni försöker att använda utrustningen, läs igenom och förstå all säkerhetsinformation i detta kapitel. Var vaksam för alla varnings- och försiktighetsåtgärder som finns I denna manual. Om ni inte följer de varnings- och försiktighetsåtgärder kan det leda till allvarliga skador för dig själv eller andra, inklusive dödsfall. Om det finns någon säkerhetsinstruktion eller procedur som du inte förstår ska du inte använda enheten. Kontakta din handledare och ordna lämplig utbildning om användningen av enheten. nvändning av enheten utan att förstå och följa alla säkerhetsföreskrifter och förfaranden i denna handbok kan leda till allvarliga skador för dig själv eller andra, inklusive dödsfall. HOSH Trackerroller RR2-V/RR3-V är en utrustning som används på transportbandets bärpart för att säkra en korrekt bandcentrering. Huvudsakligt användningsområde Komponent andbredd andhastighet Typ av band andskarv Omgivningstemperatur andets transport riktning nvändbar i TX-zon Skick 800 till mm Upp till 6 m/s Gummi eller PV, med en slät yta och en hårdhet mellan 60 till 65 Shore- Vulkaniserad, i standardutförande -20 till +60 nkel- eller reversibel riktning nligt direktiv 94/9/ passande för användning inom explosiv miljö av kategori 2 ndra användningsområden Kontakta HOSH innan användning av trackerroller på band med stålcord. Vid användande i TX område beställ och följ ytterligare produktinformation Installations- och användarmanual typ RR2-V/RR3-V - Sida 02/12"
"3 Modifikationer Försiktighetsåtgärder Generellt Försök inte att göra några modifieringar eller förändringar på produkten utan föregående skriftligt godkännande från HOSH Fördertechnik GmbH. Obehöriga förändringar eller modifieringar av enheten kan leda till allvarliga personskador, inklusive dödsfall. Skyddskläder, särskilt skyddsskor, handskar, hjälm och skyddsglasögon är obligatoriskt; Vid arbete på hög höjd, använd säkerhetsutrustning, till exempel ställningar, räcken, säkerhetsnät, säkerhetsselar. Produkterna skall vara inspekterade, godkända och lämpliga för ändamålet. Vaksamhet på roterande komponenter Trackerrollers utsätts för höga dynamiska påkänningar. u måste följa reglerna: Kontrollera och säkra alla skruvförband före varje idrifttagning Återanvänd inte utan ersätt säkerhetselement som fjäderbrickor och låsmuttar; yt ut skadade och slitna delar nvänd endast HOSH original reservdelar. Normalt användande Kontrollera att arbetsplatsen är fri innan start; Montera tillbaka skydd som har monterats ned för att underlätta installation eller underhåll Rör inte en fastnad stödrulle. Rullens mantel kan bli mycket varm Service och reparation Försäkra dig om att transportörens huvudbrytare är bruten och låst Säkra arbetsplatsen Se till att en ansvarig person har godkänt den föreslagna aktiviteten Installations- och användarmanual typ RR2-V/RR3-V - Sida 03/12"
"4 eskrivning Viktigaste delarna I H G J K F Fästbalk Huvudbalk entral lagerenhet entral upptagning Huvudbalksinfästning F Höjdjusteringsskruvar G Konisk rulle H Rullfäste för koniska rullar I Stödarm J ylindrisk rulle K Rullfäste för cylindrisk rulle Utformning HOSH Trackerroller RR2-V / RR3-V används för att förhindra och korrigera sidovandring på transportband. en installeras på den kupade bärparten av ett transportband och förspänds mot bandet. Trackerrollern kan köras antingen i normal eller reversibel bandriktning. Funktion e viktigaste komponenterna i HOSH Trackerroller RR2-V / RR3-V är huvudbalken, fäst i bandbänken för transportören, och den vridbara fästbalken, bultad i den centrala lagerenheten. eroende på bandbredd har fästbalken en eller två centrala cylindriska rullar, och på vänster och höger sida, en konisk rulle vardera. Vinkeln på de koniska rullfästerna är justerbara för att anpassas mot vinkeln på bandets bärpart. lla komponenter är moduluppbyggda och fästes med bultar. fter att centrerat trackerrollern kommer den att aktiveras genom att spänna upp den vertikalt mot den kupade bärparten av bandet. etta sker genom höjdjusteringsskruvarna på huvudbalksinfästningen. andets rörelse mot den yttre koniska rullen genererar horisontella friktionskrafter, som är proportionella mot belastningen som utövas av bandet. essa krafter skapar ett vridmoment till den centralalagerenheten. När bandet sidovandrar leder det till obalans i trackerrollern. etta medför att fästbalken kommer att rotera vid centrallagerenheten. Friktionskrafterna tillämpas nu på bandet genom att trackerrollern agera mot sidovandringen. Installations- och användarmanual typ RR2-V/RR3-V - Sida 04/12"
"5 Installation Kontrollera att trackerrollern är komplett innan montage påbörjas, att alla komponenter finns tillgängliga. Information om dimensioner och ingående komponenter finns i reservdelslistan och måttskissen. 1. Möjliga installations positioner 1. Installera trackerrollern I området där ni finner sidovandringen som störst 2. Se till att: = = Trackerrollern är centrerad mellan två trågade bärrullställ; Fritt utrymme, mellan det trågade bärrullställerna, bör vara ca till mm. Vid behov tar bort ett bärrullställ. Fritt utrymme mellan bandets övre del och returpart bör vara minst dimension : 400 mm (RR2-V), 420 mm (RR3-V) 2. estäm positionen för huvudbalksinfästningen 1. Kontrollera om huvudaxelinfästningen kan fästas på den befintliga transportörens ram. Vid behov måste lämpliga konsoller användas (se exempel konsoll: ). 2. Se till att: monteringskonsollerna är lätt åtkomliga; Fritt utrymme till bandets undersida är tillräckligt. * : 410 mm (RR2-V), 450 mm (RR3-V) * : 250 mm (RR2-V), 230 mm (RR3-V) : 100 mm (RR2-V), 180 mm (RR3-V) : 250 mm (RR2-V), 350 mm (RR3-V) : Ø18 mm Huvudbalksinfästningen kan vara fast orienterad nedåt (imension ) eller uppåt (imension *) mot huvudbalken. Konsoll: Installations- och användarmanual typ RR2-V/RR3-V - Sida 05/12"
"6 Installation (Fortsättning) 3. Förmontera och installera huvudbalken vståndet mellan huvudbalksinfästningen är beroende av bandbredden. Se nedanstående tabell. Typ RR2-V RR3-V andbredd [mm] max [mm] min [mm] = = 1. Korta huvudbalken symetriskt, ifall det behövs. Huvudbalkens längd =-180 mm 2. Montera huvudbalksinfästningen på huvudbalken, dra åt bultarna med handcraft. 3. Montera den förmonterade huvudbalken till konsollerna på bandbänken. Säkra huvudbalken med låsbultarna F. Kontrollera att höjdjusteringsbultarna G är fullt utdragna. = = G 4. Kontrollera att centrum av huvudbalken är I centrum av bandbänken. entrera ifall det är nödvändigt. F 5. ra fast och lås bultarna i huvudbalksinfästningen. 4. Förmontera trackerroller balken 1. Utrusta centrallagerenheten och fästbalken 2. entrera komponenterna och dra åt dem med handkraft. nvänd de medföljande bultsatserna. 3. Skjut på rullfästerna för cylindriska rullar och centrera dessa. nvänd medföljande bultsats. Lämna ett fritt utrymme på 2 mm. eroende på vilken trackerroller så är fästbalken utrustad med en (typ RR2-V - som på skissen) eller två centrala cylindriska rullar (typ RR3-V). = = Installations- och användarmanual typ RR2-V/RR3-V - Sida 06/12"
"7 Installation (Fortsättning) 5. Montera rullställ för de koniska rullarna 1. Montera alla delar till rullställerna för koniska rullar. Skjut på dem på fästbalken. 2. Kontrollera att de koniska rullfästerna är centrerade symetriskt I förhållande till centrallagerenheten. 3. Förinställ vinkeln på de koniska rullfästerna, grovt mot trågningsvinkeln på bandet. 4. För vidare justeringar så dras alla bultar bara med handkraft. = = 6. Montera trackerroller balken på huvudbalken 1. Montera den förmonterade trackerrollerbalken på huvudbalken. 2. Montera trackerrollerbalken på centrallagerenheten på huvudbalken. nvänd de medföljande bultsatserna. 3. ra fast och lås alla bultar. 7. Montera alla rullar i trackerrollerbalken 1. Montera in de cylindriska rullarna rullfästerna. 2. Montera in de koniska rullarna I de koniska rullfästerna. 3. Kontrollera om lutningen på de koniska rullarna är motsvarande kupningsvinkel på bandet. Om nödvändigt, justera vinkeln på de koniska rullfästerna. 4. ra fast och lås alla bultar. e koniska rullarna måste monteras så att den stora diameter är in mot bandets centrum. Installations- och användarmanual typ RR2-V/RR3-V - Sida 07/12"
8 Installation (Fortsättning) 8. Linjera och ansätt trackerrollern 1. Justera in trackerrollern i höjdled parallellt mot bandet. 2. Justera höjden med höjdjusteringsbultarna så att rullarna precis tar i bandet. 3. Höj sedan höjdjusteringsbultarna ytterligare 30 mm 4. ra fast och lås höjdjusteringsbultarna och låsbultarna. nsättningen av trackerrollern är beroende av bandets sträckning och vikten på det transporterade materialet. På grund av detta kan ansättningen behöva ökas under provkörningsperioden. Maximal justering med höjdjusteringsbultarna är 80 mm. 5. Justera stoppbultarna symetriskt till ett glapp på F=50 mm 6. Kontrollera vridningsvinkeln α på den vridbara fästbalken (α = ±5 ). 7. Kontrollera att vridningen av fästbalken kan ske utan hinder. 8. Lås muttrarna försiktigt. F α α Installations- och användarmanual typ RR2-V/RR3-V - Sida 08/12
"9 Installation (Fortsättning) 9. Kontrollera installationen 1. Kolla alla bultförband 2. ra åt och lås alla bultar 3. Kontrollera funktionen och den fria rörligheten för alla komponenter, speciellt den vridbara fästbalken. 10. Provkörning Provkörningstiden är minimum 30 min, startas alltid med ett tomt band. 1. Kontrollera så att trackerrollern reagerar korrekt på sidovandring. Om inte så ökar vi trycket genom höjning av trackerrollern. 2. Utför sedan provkörningen med last på bandet. Installations- och användarmanual typ RR2-V/RR3-V - Sida 09/12"
"10 Underhåll och service Regelbunden tillsyn och service krävs för att trackerrollern skall fungera tillförlitligt. Komponenterna i trackerrollern (t ex den centrala lagerenheten och rullarna) är underhållsfria. Första tillsynen n vridbar fästbalk som inte kan röra sig fritt kan begränsa styrfunktionen, eller till och med öka sidovandringen. Rengör trackerrollern och utför en visuell kontroll efter den första hela arbetsdagen. Var särskilt uppmärksam på: Styrningseffektiviteten; tt den vridbara fästbalken kan roar sig fritt; tt rullarna har full kontakt mot bandet. fterföljande tillsyn Intervallen för de efterföljande tillsynerna varierar och beror på driftsförhållandena. Som tumregel: varannan till var 4:e vecka. e efterföljande tillsynerna skall omfatta hela tillsynen samt en bedömning av slitage på alla komponenter. Underhåll Genomför en regelbunden återkommande service var åttonde till tolfte vecka. Samordna intervallet med HOSH-servicepersonal. Underhåll steg för steg 1. Tag trackerrollern ur drift. 2. Rengör alla komponenter. 3. Kontrollera att alla komponenter fungerar korrekt. 4. Leta efter rostangrepp på trackerrollern, bättringsmåla om nödvändigt. 5. Undersök nötningen på rullarna, byt om nödvändigt. 6. Kontrollera att den central lagerenheten kan roar sig obehindrat. 7. Kontollera att alla bultar är åtdragna. 8. yt ut slitna eller skadade delar. nvänd endast HOSH orginal reservdelar. 9. Montera tillbaka och ansätt trackerrollern enligt installationsanvisningarna. 10. Utför provkörning Installations- och användarmanual typ RR2-V/RR3-V - Sida Page - 10/12"
"11 Underhåll och service (Fortsättning) HOSH serviceavdelning kan samordna den nödvändiga tillsyns-och serviceintervallen. HOSH servicepersonal finns tillgängliga över hela världen för att utföra arbetet. essutom erbjuder HOSH sina kunder utbildningsseminarier om val, tillsyn och service av bandavskrapar- och bandstyrningssystem. Ytterligare dokument n måttskiss och en reservdelslista finns som separata dokument. Kontakta HOSH, om dessa dokument inte är med i denna manual. Noteringar Skiss Installations- och användarmanual typ RR2-V/RR3-V - Sida 11/12"
"12 HOSH Huvudkontor HOSH Fördertechnik GmbH m Stadion 36, Recklinghausen, Tyskland Tel: , Fax: e-post: mail@hosch.de, web:   The HOSH Group HOSH International Pty Ltd. Perth, ustralien e-post: mail@hosch.com.au HOSH do rasil Ltda. elo Horizonte, rasilien e-post: hosch@hosch.com.br HOSH France S..R.L. Réau, Frankrike e-post: info@hosch.fr HOSH (G..) Ltd. Thornaby, Storbritanien e-post: mail@hosch.co.uk HOSH Hellas Monoprosopi.P.. Thessaloniki, Grekland e-post: hosch@otenet.gr HOSH quipment (India) PVT Ltd. alcutta, Indien e-post: hosch@cal.vsnl.net.in HOSH Italia S.R.L. Pontecagnano, Italien e-post: mail@hosch.it HOSH ustria GmbH Wien, Österrike e-post: office@hosch-austria.at HOSH sia PLT Puchong, Malaysia   mail@hosch-asia.com HOSH Techniki Transportowe Polska Sp. z o.o. Wrocław, Polen e-post: hosch@hosch.pl HOSH Fördertechnik (S) (Pty) Ltd. Johannesburg, Sydafrika e-post: sales@hoschsa.co.za HOSH Iberia S.R.L.U. arcelona, Spanien e-post: hosch@hosch.es HOSH Schweiz GmbH Rotkreuz, Schweiz e-post: mail@hosch.de HOSH OMPNY Pittsburgh, US e-post: hosch@hoschusa.com 2015 HOSH-Fördertechnik GmbH Ingen del av denna publikation får reproduceras, överföras, lagras i något lagringssystem eller översättas till något mänskligt språk eller datorspråk på något sätt eller i någon form, utan föregående skriftligt tillstånd från HOSH-Fördertechnik GmbH. Strid med ägarens upphovsrätt kan också minska möjligheterna för HOSH-Fördertechnik GmbH för att ge effektivt stöd för dess utrustning. HOSH-Fördertechnik GmbH förbehåller sig rätten att göra ändringar utan förvarning i både detta dokument och dess produkter som beskrivs i detta dokument. Ingenting i denna publikation utgör något avtal eller andra åtaganden på HOSH-Fördertechnik GmbH och bör inte tas som sådan. ll möjlig hänsyn har tagits i utarbetandet av denna publikation. Men om du hittar några fel eller vill ge förslag till förbättringar så skriv till HOSH-Fördertechnik GmbH SV Installations- och användarmanual typ RR2-V/RR3-V - Sida 12/12"
HOSCH TRACKER- ROLLER BAND- STYRNING
HOSH TRKER- ROLLER ND- STYRNING Installations- och användarmanual TYP R2/3 SÄKERHET Viktig information Meningen med denna manual är att hjälpa er att hantera denna utrustning säkert och effektivt. Denna
Läs mer
HOSCH AVSTRYKARE FÖR DRIVTRUMMA
HOSCH VSTRYKRE FÖR RIVTRUMM Installations- och användarmanual TYP H01 SÄKERHET Viktig information enna handbok är avsedd att hjälpa dig att installera och använda denna enhet säkert och effektivt. Läs
Läs mer
HOSCH BAND- AVSTRYKARE
HOSCH BAND- AVSTRYKARE INSTALLATIONS- & OCH OPERATING ANVÄNDARMANUAL INSTRUCTIONS TYP B6-C Användningsområde Användning Bandtransportörer förorenas lätt genom att transporterat material fastnar på bandets
Läs mer
Vedkombi 330 Bruksanvisning
Vedkombi 330 Bruksanvisning Produktpresentation Effektiv och användarvänlig vedkombi som kapar och klyver veden i ett moment. Producerar ca 5 m3 per timme. Klarar vedlängder upp till 53 cm och veddiameter
Läs mer
Idrifttagande & underhållsmanual för Arcos Hydraulcylindrar
Idrifttagande & underhållsmanual för Arcos Hydraulcylindrar Januari 2014 Innehåll 1. Generell information 1.1 Dokumentation 1.2 Användningsområde cylinder 1.3 Transport 1.4 Lagring 2. Idrifttagande och
Läs mer
253000 Fläktutrustning Installation/underhåll
253000 Fläktutrustning Installation/underhåll Innan systemet tas i bruk måste denna handbok studeras i detalj. Endast av MEDICVENT auktoriserad personal får utföra reparationer och justeringar på denna
Läs mer
SIDOTRANSPORTÖR ST 13
"April 96 HANDBOK SIDOTRANSPORTÖR ST 13 Art.nr. 12050 REKORDVERKEN Sweden AB Öttum SE-535 92 KVÄNUM Tel. +46(0)511-37 01 00 Fax. +46(0)511-37 00 07 6001 1. FÖRORD REKORDVERKEN Sweden AB, Öttum S-535 92"
Läs mer
maximal funktionalitet
mervärde HÖGRE SÄKERHET maximal funktionalitet tillbehör för utökad funktionalitet Till EdmoLift s lyftbord finns en mängd olika tillbehör som ger ett mervärde på Er investering. I den här broschyren ser
Läs mer
Span 300 VX Montageanvisning
Span 300 VX Montageanvisning BETECKNING: SPAN 300 VX Dubbel bredd EN1004 3-8/12 XXCX SPAN 300 VX Enkel bredd EN1004-3 8/8 XXCX Ställningar i enlighet med AFS 2013:4 SP typkontrollintyg 144201 daterat den
Läs mer
Patientstol 15601 med delade benstöd
"Bruksanvisning Patientstol 15601 med delade benstöd Bäste kund, Vi tackar för det förtroende som Du visat genom att köpa denna patientstol. Samtliga våra produkter har, liksom denna patientstol, slutmonterats"
Läs mer
HELIOMOTION MONTERINGSANVISNING PV-650
HELIOMOTION MONTERINGSANVISNING PV-650 DEL I - FUNDAMENT M16 M16 8x 2 PLACERING 1m Området runt flänsen måste vara fri från hinder inom en 1 meters radie. Placera anläggningen på en plats med så mycket
Läs mer
Schiedel Parat. Monteringsinstruktion. våningshöga skorstensmoduler
Schiedel Parat Monteringsinstruktion våningshöga skorstensmoduler Schiedel Parat finns i färdiga längder från 1-6 meter. De kan levereras oputsade eller färdigputsade på en eller flera sidor. Om skorstenen
Läs mer
BENDERS TAK MONTERINGSANVISNING TAKSÄKERHET
BENDERS TAK MONTERINGSANVISNING TAKSÄKERHET JUSTERBAR FOTPLATTA OCH LÄKTFÄSTE I TAKSKYDD fotplatta CARISMA I SNÖRÄCKE NOCK- OCH TAKFOTSRÄCKE I TAKBRYGGOR I fasadstege I SKYDDSRÄCKE FÖR TAKLUCKA Mer om
Läs mer
Monterings- och bruksanvisning. AL-KO Trailer Control ATC. 1361877 a 04/07
Monterings- och bruksanvisning AL-KO Trailer Control ATC 1361877 a 04/07 Innehållsförteckning Intyg från tillverkaren Användningsområde Säkerhetsanvisningar Montering Manövrering Underhåll och rengöring
Läs mer
Crux Lite Piezo TM Elektra FE Cook System TM
Crux Lite TM Crux Lite Piezo TM Elektra FE Cook System TM Canister mounted stove for outdoor use OIMUS clever COOKING SINCE 1899 Figure [1] Figure [2] Figure [3] Figure [4] Figure [5] Figure [6] Figure
Läs mer
Leveransinformation. Godskontroll. Garanti. CE-märke. EG-försäkran. KTIFb
MONTERINGSANVISNING I-LINE KTIFb ZMA03613SE 2012-12-01  Leveransinformation Godskontroll Kontrollera att antalet kolli stämmer överens med följesedeln och att emballaget och godset är oskadat. Notera eventuella
Läs mer
AEROVIT Int. Pat. Pend.
AEROVIT TEKNISKE DATA OCH INSTRUKTIONER FÖR DRIFT OCH UNDERHÅLL AV SOTBLÅSNINGSANLÄGGNING AEROVIT Int. Pat. Pend. AEROVIT A/S Korden 15 ٠DK - 8751 Gedved Tel. +45 86 92 44 22 ٠Fax +45 86 92 29 19 CVR/VAT
Läs mer
HRM ROLLATOR BRUKSANVISNING
HRM ROLLATOR BRUKSANVISNING HRM Rollator är en standardrollator som är byggd för att underlätta användarens gående och därmed öka rörelsefriheten. HRM Rollator är i stort sett underhållsfri och därför
Läs mer
Bruksanvisning. Pneumatisk borrenhet Serie BEP 22 SK
SE Bruksanvisning Pneumatisk borrenhet Serie BEP 22 SK Läs igenom hela bruksanvisningen före installation och idrifttagande av produkten. Spara bruksanvisningen för framtida referens. MAN026 - Bruksanvisning
Läs mer
HOPSÄTTNINGS OCH INSTALLATIONSANVISNING PÅLASTNINGSLÅDA OCH KAPSLING
Anvisningar Följande anvisningar är uppdelade i två avsnitt. Pålastningslådan kan levereras antingen helt omonterad i lösa delar eller med förmonterade sidor färdiga för installation på plats. Första avsnittet
Läs mer
BRUKSANVISNING HS Fåtöljen
BRUKSANVISNING HS Fåtöljen Version 1 2014 HS fåtöljen 2 Innehållsförteckning Sida Introduktion till HS Fåtöljen 3 Vad är HS Fåtöljen? 3 Varför behövs HS Fåtöljen? 3 Vem bör använda HS Fåtöljen? 4 Produktinformation
Läs mer
Bruksanvisning. Bestic software version 1.0-2.0. Äthjälpmedel. Internet: www.bestic.se
Bruksanvisning Bestic software version 1.0-2.0 Äthjälpmedel Sida 1 (20) Innehållsförteckning 1. Introduktion 2. Säkerhet 3. Produktöversikt 4. Handhavande 5. Äta med Bestic 6. Skötselråd 7. Transport och
Läs mer
Snäckväxel GS 50.3 GS 250.3 med fot och hävarm
Snäckväxel GS 50.3 GS 250.3 med fot och hävarm Snabbinstruktionen får inte användas utan driftinstruktionen! Snabbinstruktionen ersätter INTE driftinstruktionen. Den är endast avsedd för personer som är
Läs mer
PM-fästen. Pedestal Mounts
PM-fästen Pedestal Mounts Set: Justerbara PM-Fästen Fyrkantig monteringsplatta Kombinera färdiga set med lösa delar och skapa din egen unika konstrutkion efter behov. Vinkeln mellan PM-fästets delar kan
Läs mer
Generell. Monterings/Installations anvisning 2009. Var sak har sin plats.
"Generell Monterings/Installations anvisning 009 Var sak har sin plats. Viktigt, innan du börjar montera! Läs igenom denna anvisning noggrant! Att tänka på innan du börjar montera. Observera att detta är"
Läs mer
Bruksanvisning Väggsåg EX
Bruksanvisning Väggsåg EX Index 004 10987071 sv /23.10.2006 Vi gratulerar! Du har valt en beprövad TYROLIT Hydrostress-apparat och därmed en teknologiskt ledande standard. Endast original TYROLIT Hydrostress-reservdelar
Läs mer
Brand/brandgasspjäll EKO-SRB1
"Brand/brandgasspjäll EKO-SRB1 Monterings-, drift- och underhållsanvisning 2014-04 Monterings-, drift och underhållsanvisning EKO-SRB1 Innehåll Produkthantering...3 Allmänt montering...4 Monteringstillbehör...5"
Läs mer
Dubbelverkande pneumatisk cylinder typ EC
Dubbelverkande pneumatisk cylinder typ Informationen är endast avsedd att användas i informationssyfte. Rätt till ändringar förbehålls utan föregående 1meddelande. 15-02-13 utgåva: 4 Dubbelverkande pneumatisk
Läs mer
Markisolette. Nordic Light MT74 INSTALLATION - MONTERING - RENGÖRING
"INSTALLATION - MONTERING - RENGÖRING Se till att markisen fästes i ett tillräckligt säkert underlag. Varning för murket trä, söndervittrad puts eller tegel och tunna panelmaterial. Kontrollera att fönster"
Läs mer
Produkter Indivo-lyftenheter för köket. Version 4
Produkter Indivo-lyftenheter för köket Version 4  Det flexibla köket Oavsett om det är ett nytt kök eller ett kök man har njutit av i många år så krävs det bara några få ändringar för att göra det flexibelt
Läs mer
"442C. Delad mekanisk patrontätning. Anvisningar för installation, drift och underhåll INNEHÅLLSFÖRTECKNING. Referens för tätningsdata"
"442C Delad mekanisk patrontätning Anvisningar för installation, drift och underhåll ANVISNINGAR FÖR INSTALLATION, DRIFT och UNDERHÅLL INNEHÅLLSFÖRTECKNING 1.0 Att tänka på... 2 2.0 Transport och förvaring...2"
Läs mer
Balkongmarkis. Nordic Light BC56 INSTALLATION - MONTERING - RENGÖRING
"INSTALLATION - MONTERING - RENGÖRING Se till att markisen fästes i ett tillräckligt säkert underlag. Varning för murket trä, söndervittrad puts eller tegel och tunna panelmaterial. Kontrollera att fönster"
Läs mer
SERVICEANVISNINGAR WHEELDRIVE 9011310A
SERVICEANVISNINGAR SV WHEELDRIVE 9011310A  Förberedelser före drivning med WheelDrive Monteringen av WheelDrive ska utföras av behöriga yrkespersoner. Före drivning med hjälpmotorn måste följande åtgärder
Läs mer
RAKA TRAPPOR OCH GALLERDURK
"RAKA TRAPPOR OCH GALLERDURK Raka trappor Nordiska Stålprodukter AB levererar ståltrappor för industri, kontor, bostäder, skolor. Dessa används som entré-trappor, transporttrappor samt utrymningstrappor,"
Läs mer
NGR. Radarnivåtransmitter (TDR)
"Radarnivåtransmitter (TDR) mätning övervakning analys NGR För vätskor Oberoende av densitet, temperatur, tryck, fuktighet och konduktivitet Mätlängd: max. 4000 mm Temperaturområde: -20... + 100 C Tryckområde:"
Läs mer
för raka trappor Användarmanual Modellnummer 420 Svenska
för raka trappor Modellnummer 420 Användarmanual Svenska Servicebok Det är viktigt för oss att våra trapphissar alltid hjälper Er att komma upp och ner från Era trappor på ett säkert sätt. Med tanke på
Läs mer
EFFECTA SOLCELLER INSTALLATION SKÖTSEL SERVICE MONTERING. Rev. EA. 016-02-02
EFFECTA SOLCELLER INSTALLATION SKÖTSEL SERVICE MONTERING Rev. EA. 016-02-02 Innehållsförteckning Innehållsförteckning 2 Symboler 2 Varningsskyltar 2 Garanti 3 Allmänt 4 Teknisk data 5 Funktion 6 Före installationen
Läs mer
Monteringsanvisning. izi Modular: bakåt- & framåtvänd. izi Modular RF: bakåtvänd. Bakåtvänd godkänd höjd 61-105 cm. Framåtvänd godkänd höjd 88-105 cm
a f d e b c i Monteringsanvisning g h 4 > 5 cm izi Modular: bakåt- & framåtvänd izi Modular RF: bakåtvänd 5 Bakåtvänd godkänd höjd 6-05 cm Framåtvänd godkänd höjd 88-05 cm maximal vikt 8 kg Ålder 6 mån
Läs mer
MONTERINGS- & BRUKSANVISNING VIRKESSTÄLL
MONTERINGS- & BRUKSANVISNING VIRKESSTÄLL INNEHÅLL Om ANVISNINGARNA Planering INNAN DU BÖRJAR MONTERA ATT BEAKTA MONTERINGSANVISNINGAR s. 2 s. s. 4 s. 5 S. 6-9 INNEHÅLLSFÖRTECKNING Om anvisningarna Läs
Läs mer
Multiglide + SpilerGlide. Bruksanvisning
Multiglide + SpilerGlide Bruksanvisning IMM1001_IFU_SV Version 5 2015 Bilder Bild 1 Bild 2 Bild 3 Bild 4 Bild 5 Bild 6 Bild 7 Bild 8 Bild 9 2 Innehåll Rubrik Sida Allmänt/Symboler/Avsedd användning/avsedd
Läs mer
DeLaval Optimat mineraldispenser 380 OMD380
DeLaval Optimat mineraldispenser 380 OMD380 Läs noga igenom anvisningen innan arbetet påbörjas! Titel Reg. Nr Sist sparad Rev. Nr Sidor OMD380-SE.indd 100-63 2012-07-06 1 11 1 Innehåll 1 Säkerhetsföreskrifter
Läs mer
Installationsanvisningar VAQ E. Läs dessa anvisningar innan installationen påbörjas
"Installationsanvisningar VAQ E Läs dessa anvisningar innan installationen påbörjas Inledning Så fungerar Quooker Quooker-systemet består av en vakuumisolerad vattenbehållare, som ansluts till vattenledningen"
Läs mer
Multiglide Single Patient Use. Bruksanvisning
Multiglide Single Patient Use Bruksanvisning IMM1065_IFU_SV Version 2 2015 Bilder Bild 1 Bild 2 Bild 3 Bild 4 Bild 5 Bild 6 Bild 7 Bild 8 Bild 9 2 Innehåll Rubrik Sida Allmänt/Symboler/Avsedd användning/avsedd
Läs mer
"Instruktionsbok, monteringsanvisning, garantibevis TerraTrailer 500"
"Instruktionsbok, monteringsanvisning, garantibevis TerraTrailer 500 (Bruksanvisning i original) Välkommen! Välkommen som ägare till en produkt från Pro-Terra! Vi tackar dig för förtroendet du visat oss"
Läs mer
250003 Fläktenhet med Av/På ventil för rökgas. Installation/underhåll.
250003 Fläktenhet med Av/På ventil för rökgas. Installation/underhåll. Innan systemet tas i bruk måste denna handbok studeras i detalj. Endast av MEDICVENT auktoriserad personal får utföra reparationer
Läs mer
Bruksanvisning RINK Modell 1005 & 1010 Maskin nr:
Bruksanvisning RINK Modell 1005 & 1010 Maskin nr: OBS! FÖR ATT SÄKERSTÄLLA SÄKER ANVÄNDNING OCH UPPNÅ BÄSTA MÖJLIGA PRESTANDA ÄR DET MYCKET VIKTIGT ATT DU LÄSER DENNA BRUKSANVISNING INNAN DU BÖRJAR ANVÄNDA
Läs mer
STATIONÄRA PERSONLYFTAR
Anvisningar till protokoll vid periodisk besiktning av STATIONÄRA PERSONLYFTAR Sid 1(8) Förslag till besiktningspunkter vid PERIODISKT ÅTERKOMMANDE BESIKTNING AV Stationära personlyftar (12 36 12) Anvisningarnas
Läs mer
MONTERINGSANVISNING 4-DELAD UTANPÅLIGGANDE MASKINFÖRBEREDD VIKPORT
MONTERINGSANVISNING 4-DELAD UTANPÅLIGGANDE MASKINFÖRBEREDD VIKPORT Anvisningen gäller även 2-delad vikport. Utformningen av vissa detaljer skiljer sig mellan 2- och 4-delad port. 1 - Förberedelser Kontrollera
Läs mer
click! a b c d g h Monteringsanvisning j k > 25 cm l m Godkänd höjd 40-75 cm maximal vikt 13 kg UN regulation no. R129 i-size Ålder 0-12m
1 3 a b c d e f g h click! Monteringsanvisning 4 i j k l m > 25 cm 2 5 Godkänd höjd 40-75 cm maximal vikt 13 kg Ålder 0-12m UN regulation no. R129 i-size 8 9 Tack för att du valde BeSafe izi Go Modular.
Läs mer
Kostnadseffektiv transport av personer och material Superlift MX 624/1024 1524/2024
Kostnadseffektiv transport av personer och material Superlift MX 624/1024 1524/2024 www.boecker-group.com Fördelar när det gäller lönsamhet Superlift MX Bestäm Dig för bygghissystemet som på alla byggplatser
Läs mer
HOSCH BAND- AVSTRYKARE
HOSCH BAND- AVSTRYKARE Installations- och användarmanual TYP C1 Användningsområde Användning Bandtransportörer förorenas lätt genom att transporterat material fastnar på bandets undersida. HOSCH fjäderlamell-avskrapare
Läs mer
HOSCH TRACKER- ROLLER BAND- STYRNING
HOSCH TRACKER- ROLLER BAND- STYRNING Installations- och användarmanual TYP R1/RG1 Användningsområde Användande En av de vanligaste orsakerna till anläggningars driftstopp är sidovandring av transportband
Läs mer
Installations- och användarmanual TYP D2/D3
"Installations- och användarmanual TYP D2/D3 Säkerhet Modifiering av delar/detaljer Försök inte att göra några modifieringar eller förändringar på enheten gällande konfiguration, installation, drift och"
Läs mer
Automatic Systems. Mekanisk enhet vändkors Standardarm TR4XX FÄLTMANUAL. Intergate AB Kilegatan 1 452 97 Strömstad Tel: 0526-605 26 Fax: 0526-605 33
A5-B5 Automatic Systems Mekanisk enhet vändkors Standardarm TR4XX FÄLTMANUAL Intergate AB Kilegatan 1 452 97 Strömstad Tel: 0526-605 26 Fax: 0526-605 33 Intergate AB reserverar sig för produktförändringar
Läs mer
Bruks- & montageanvisning PALLSTÄLL P90 SILVERLINE
ruks- & montageanvisning PLLSTÄLL P90 SILVERLINE. Tack för att Ni valt pallställ från Constructor. Läs noga igenom denna bruksanvisning innan pallstället tas i drift samt använd informationen kontinuerligt
Läs mer
Motor för modulerande reglering AME 435
Datablad Motor för modulerande reglering AME 435 Beskrivning Funktion för inställning av ventilflöde. Flödet kan justeras variabelt från linjärt till logaritmiskt eller tvärtom. Den avancerade konstruktionen
Läs mer
Monterings- och installationsanvisning SUNPUR vakuumrör-solfångare
Monterings- och installationsanvisning SUNPUR vakuumrör-solfångare Northern Nature Energy 1 02/2009 Innehåll Allmänt om solvärmeanläggningar 3 Allmänna råd 6 Placering 7 Dimensionering 7 Montering på tak
Läs mer
Bruksanvisning. trailerline elvinsch. Bruksanvisning Elvinsch version 3 01.2007. trailerline
Bruksanvisning trailerline elvinsch Bruksanvisning Elvinsch version 3 01.2007 trailerline  INLEDNING Tack för att du har valt en elvinsch från vårt företag. Vi ber dig att noga läsa igenom och sätta dig
Läs mer
KOBRA. Användarmanual. Manual 025
KOBRA Användarmanual Manual 025 Säkerhet Ankarspelet skall inte användas som förtöjning utan en avlastning skall alltid skapas via en pollare eller liknande. Båtens motor skall alltid vara igång som en
Läs mer
Bruksanvisning kalottventil VM 4920 Serie 601. Ett bra val!
"Bruksanvisning kalottventil VM 4920 Serie 601 Mjuktätande kalottventil i flänsat utförande med fullt genomlopp och kalott helt invulkad i gummi för vätskor och gaser, utmärkt för reglering, tät i båda"
Läs mer
Installations- och användningsinstruktioner för SKJUTBAR SLÄDE JSK SL
Installations- och användningsinstruktioner för SKJUTBAR SLÄDE JSK SL Förord Innehåll sida JSL skjutbar släde är en kopplingsenhet som måste följa höga säkerhetsföreskrifter och som även måste testas för
Läs mer
Bruksanvisning för gasolkamin 430-045
Bruksanvisning för gasolkamin 430-045 Värna om miljön! Får ej slängas bland hushållssopor! Denna produkt innehåller elektriska eller elektroniska komponenter som skall återvinnas. Lämna produkten för återvinning
Läs mer
Bruksanvisning för gasolkamin
Bruksanvisning för gasolkamin 430-042 Bruksanvisning i original 21.03.2013 Jula AB SÄKERHETSANVISNINGAR Läs bruksanvisningen noggrant innan användning! Läs bruksanvisningen innan du använder värmaren.
Läs mer
Kort bruksanvisning FLUX
"Kort bruksanvisning FLUX Bruksanvisning art nr MB 3301KB Denna bruksanvisning ger information om montering, inställningsmöjligheter, säkerhetsföreskrifter och skötselråd av Flux bakåtvänd rollator. Genom"
Läs mer
Crux TM. Canister mounted stove for outdoor use SWE OPTIMUS CLEVER COOKING SINCE 1899
EN Crux TM Canister mounted stove for outdoor use FR DE NL DK SWE NO FI IT ES PT PL CZ OPTIMUS CLEVER COOKING SINCE 1899 RU FIGURE [1] FIGURE [2] O-ring Art. No. 8017867 FIGURE [3] FIGURE [4] FIGURE [5]
Läs mer
INSTALLATION - MONTERING - RENGÖRING. Fönstermarkis. Nordic Light DA52 - BC56
"INSTALLATION - MONTERING - RENGÖRING Fönstermarkis Se till att markisen fästes i ett tillräckligt säkert underlag. Varning för murket trä, söndervittrad puts eller tegel och tunna panelmaterial. Kontrollera"
Läs mer
Fastsättningsteknik. Nitverktyg MS 5. Bruksanvisning
"L Fastsättningsteknik Nitverktyg MS 5 Bruksanvisning Innehållsförteckning Hänvisningar till bruksanvisningen... 4 Varningar, hänvisningar och åtgärder i brukanvisningen... 5 Märkningar på nitverktyget..."
Läs mer
EC Declaration of Conformity. Decon Wheel AB Tel 0345-40880 Södra Ekeryd 115 Fax 0345-40895 314 93 Hyltebruk www.decon.se
Innehållsförteckning Innehållsförteckning... 2 EC Declaration of Conformity... 2 Easywheel... 3 Leveranskontroll... 3 Ingående komponenter... 3 Identifiering och märknig av Easywheel... 4 CE-märkning...
Läs mer
"AL WINCH LV-X2500, LV-X3500, LV-X4500. Montering & Användarinstruktioner"
"AL WINCH LV-X2500, LV-X3500, LV-X4500 Montering & Användarinstruktioner  INTRODUKTION Gratulerar till ditt köp av en högkvalitativ vinsch. Vi designar och bygger vinschar i enlighet med strikta specifikationer,"
Läs mer
Bruksanvisning. Blue Wave
"Bruksanvisning Blue Wave Denna bruksanvisning ger information om montering, inställningsmöjligheter, säkerhetsföreskrifter och skötselråd för badstolen Blue Wave. Genom att läsa igenom och följa anvisningarna"
Läs mer
Position. Reservdelsnr. För din information
"VIKTIGT! Åtdragningsmoment för 8.8-bult Bult dim Nm Kpm M 5 7 0,7 M 6 10 1,0 M 8 30 3,0 M 10 50 5,0 M 12 100 10,0 M 14 160 16,0 M 16 240 24,0 M 20 480 48,0 M 24 820 82,0 M 30 1 640 164,0 M 36 2 850 285,0"
Läs mer
Instruktion för användare av COMFORTABEL. Sängryggstöd
Instruktion för användare av COMFORTABEL Sängryggstöd COMFORTABEL Sängryggstöd är ett enkelt och lättmonterat hjälpmedel för privatsängar i hemsjukvård eller liknande. Sängryggstödet skall placeras på
Läs mer
Underhållsföreskrift. Underhåll av strömskenor Program i serien 0800. Innehåll. 1 Allmänt. 2 Säkerhetsbestämmelser. Sidan
nneåll Sidan 1 Allmänt... 1 2 Säkeretsbestämmelser... 1 2.1 Varningar... 2 3 Verktyg oc jälpmedel... 2 4 Underållsscema... 3 4.1 Strömavtagare... 3 4.2 Strömskena... 6 4.3 Skarvstycken... 6 4.4 åsklämmor...
Läs mer
Så här fungerar din nya rollator. Volaris S7
Så här fungerar din nya rollator Volaris S7 1 Grattis till din nya rollator! Volaris S7 kommer på många sätt att göra din vardag lättare. För att du ska lära känna din nya rollator ber vi dig att noga
Läs mer
Utsugsarmar för bordsarbetsplatser med oslagbar flexibilitet
Utsugsarmar för bordsarbetsplatser med oslagbar flexibilitet En ny generation med utsugsarmar för bordsarbetsplatser med oslagbar flexibilitet Nederman introducerar en ny generation med utsugsarmar för
Läs mer
PK-I-R EI90 / EI120 / EI90S / EI120S Cirkulärt brand/brandgasspjäll & PK-I-S EI90 / EI90S Rektangulärt brand/brandgasspjäll
PK-I-R EI90 / EI120 / EI90S / EI120S Cirkulärt brand/brandgasspjäll & PK-I-S EI90 / EI90S Rektangulärt brand/brandgasspjäll SE Anvisningar för installation samt drift och skötsel 1 Introduktion Anvisningarna
Läs mer
Installationsanvisningar VAQ E. Läs dessa anvisningar innan installationen påbörjas
"Installationsanvisningar VAQ E Läs dessa anvisningar innan installationen påbörjas Inledning Så fungerar Quooker Quooker-systemet består av en vakuumisolerad vattenbehållare, som ansluts till vattenledningen"
Läs mer
Bruksanvisning i original JSNY8 Nyckelbrytare
"Bruksanvisning i original JSNY8 Nyckelbrytare ABB AB / Jokab Safety Varlabergsvägen 11, 434 39 Kungsbacka www.jokabsafety.com Läs och sätt dig in i innehållet i användarmanualen. Läs och sätt dig in i"
Läs mer
BRUKSANVISNING. TapeKing. Talande måttband med vinkelmätare och vattenpass
BRUKSANVISNING TapeKing Talande måttband med vinkelmätare och vattenpass SV INNEHÅLLSFÖRTECKNING 1. Inledning 3 2. Beskrivnig 3 3. Strömförsörjning 5 Funktioner 6 4.1 Mätning 6 4.2 Mätning med/utan hölje
Läs mer
"MANUAL FÖR VÄGEN. Miniguard Produktinformation, installationstips Klass T1, T2 och T3 enligt EN1317-2"
"FÖR VÄGEN MANUAL Miniguard Produktinformation, installationstips Klass T1, T2 och T3 enligt EN1317-2 AB Provia Vägmärkning Vidövägen 51 663 21 Skoghall Tel: 054-51 21 30 Fax: 054-51 21 39 post@provia.net"
Läs mer
För att säkerställa en säker och korrekt användning är det viktigt att läsa igenom och beakta instruktionerna i handboken. Förvara användarhandboken
OB115N SV För att säkerställa en säker och korrekt användning är det viktigt att läsa igenom och beakta instruktionerna i handboken. Förvara användarhandboken som uppslagsbok på en säker plats. ELEKTRISK
Läs mer
"Instruktionsbok Modeller: T1100, FL400"
INNEHÅLLSFÖRTECKNING Förord och ID-nummer 2 Allmänt 3 Säkerhetsföreskrifter 3-5 Användning 5 Underhåll och service 6 Reparationer 6 Förvaring 6 Förord FL 400 och T1100 tillverkas av Kranman AB Innan du
Läs mer
Maxlast: 125kg. Visuell inspektion Gör regelbundna funktionskontroller på lyften. Kontrollera att materialet är helt fritt från skador.
Manual 1 5 MiniLift125 är en elektrisk uppresningslyft för personer med nedsatt rörlighet. Den är utvecklad för inomhusbruk och för att på ett skonsamt sätt resa upp en person till stående tillsammans
Läs mer
1. Allmänna säkerhetsinstruktioner Definition av symboler som används i denna manual.
BRUKSANVISNING 1. Allmänna säkerhetsinstruktioner Definition av symboler som används i denna manual. I denna instruktionsmanual har instruktionerna gällande säkerhet märkts med den allmänna symbolen för
Läs mer
Svesol Solceller. Svesol Solceller www.svesol.se. Monteringsanvisning. Montering Inkoppling
Svesol Solceller www.svesol.se Monteringsanvisning Montering Inkoppling Tack För att Ni köpt en Svesol anläggning. Läs denna instruktion noggrant så kan Ni få anläggningen att fungera på bästa sätt Svesol
Läs mer
Bonnet Vedklipp 20T Bruksanvisning
Bonnet Vedklipp 20T Bruksanvisning Produktpresentation En kraftfull vedklipp som snabbt och enkelt klyver veden i 2-4 delar. Med en tryckkraft på hela 20 ton och ett kraftigt klyvblad klarar den att klyva
Läs mer
Hantverkarställning Zifa
"Monteringsinstruktion Enligt SS-EN 0:2005 Typkontrollintyg: 5 8 0 Beteckning: EN 0 3 5/5 XXCD Instruktioner: EN 28-IM-SV Arbetsplattform 0,5 x,8 m max. Arbetshöjd,3m Tillåten last: 2,0 kn/m 2 på max ett"
Läs mer
Installationsanvisning
"Installationsanvisning Läs följande instruktioner noga innan du installerar enheten. Tack för att du valt en Embraco Sliding Unit, som är ett luftkylt utomhusaggregat. Denna enhet är speciellt designad"
Läs mer
Villa- och trädgårdsstängsel
"Monteringsanvisningar Villa- och trädgårdsstängsel Högkvalitativa och prisvärda stängselsystem för villa- och fritidstomter 1 2 Kontakt Södra Sverige Håkan Berntsson, +46 72-731 04 75 hakan.berntsson@heabstangsel.se"
Läs mer
Din manual NAVMAN B10 http://sv.yourpdfguides.com/dref/1220701
"Du kan läsa rekommendationerna i instruktionsboken, den tekniska specifikationen eller installationsanvisningarna för NAVMAN B10. Du hittar svar på alla dina frågor i NAVMAN B10 instruktionsbok (information,"
Läs mer
MONTERINGSANVISNING L-LINE KTF ZMA0300SE 2012-12-01
MONTERINGSANVISNING L-LINE KTF ZMA0300SE 2012-12-01  Leveransinformation Godskontroll Kontrollera att antalet kolli stämmer överens med följesedeln och att emballaget och godset är oskadat. Notera eventuella
Läs mer
BRUKSANVISNING LH 1600 KÖRSPÅRSMONITOR
BRUKSANVISNING FÖR LH 1600 KÖRSPÅRSMONITOR LH No. 020-152-S Version 1.00 LH AGRO ELEKTRONIK AB Lilla Östergatan 33 271 34 YSTAD Tel. 0411-13458 Fax. 0411-17484 Internet: http://www.lh-agro.se 2 LH AGRO
Läs mer
DeVilbiss FlexSet Näsmask Användarintruktioner för FlexSet
DeVilbiss FlexSet Näsmask Användarintruktioner för FlexSet Lokal representant: Aiolos Medical AB Fjärrviksvägen 4 653 50 Karlstad Tel. 054-53 48 05 Fax. 054-53 47 87 air@aiolos.se www.aiolos.se VIKTIGA
Läs mer
Bruksanvisning. Ronda EC
"Bruksanvisning Ronda EC Bäste kund, Om du följer rekommendationerna i denna bruksanvisning kommer produkten att fungera optimalt och förbli effektiv i många år. INNEHÅLL REKOMMENDATIONER OCH TIPS 3 EGENSKAPER"
Läs mer
"Installationsanvisningar för båtvärmare. Airtronic D2, D4, D4+, D5 29 2401 10 0058"
"Installationsanvisningar för båtvärmare Airtronic D2, D4, D4+, D5 29 2401 10 0058 1 Inledning Handbokens uppgift Denna handbok strävar till att ge all den information som behövs för installation av Eberspächer"
Läs mer
"Instruktion BASIC Fläkt BCRB, storlek 080 120"
"Instruktion BSIC Fläkt BCRB, storlek 080 120 1. llmänt På inspektionsdörren sitter en skylt för aggregat samt motor. BCRB är en fläkt med bakåtböjda skovlar för tryck upp till 2500 Pa. Fläkten har som"
Läs mer
Monteringsanvisningar Duschar
"Monteringsanvisningar Duschar Emmaboda Home duschlösningar Grattis till din nya duschlösning från Emmaboda Home När du valt en glaslösning från Emmaboda Home, har du valt att kombinera modern design och"
Läs mer
Monterings- och bruksanvisning EB 8227 SV. Pneumatisk reglerventil typ 3331/BR 31a Specialversion typ 3331/3278. Typ 3331 Spjällventil
Pneumatisk reglerventil typ 3331/BR 31a Specialversion typ 3331/3278 Typ 3331 Spjällventil Fig. 1 Typ 3331/BR 31a (nedre) och typ 3331/3278 (övre) Monterings- och bruksanvisning EB 8227 SV Utgåva april
Läs mer
Riello Gulliver RG2 Montage- och driftsinstruktion Oljebrännare Enstegsfunktion
Montage- och driftsinstruktion Oljebrännare Enstegsfunktion 1 INNEHÅLL 1. BRÄNNAREBESKRIVNING 2 1.1 Utrustning 2 2. TEKNISKA DATA 3 2.1 Tekniska data 3 2.2 Mått 3 2.3 Arbetsdiagram 3 3. INSTALLATION 4
Läs mer
INSTALLATIONS- OCH SKÖTSELANVISNING FÖR PREFABENHET DANFOSS RED FRAME
"INSTALLATIONS- OCH SKÖTSELANVISNING FÖR PREFABENHET DANFOSS RED FRAME Danfoss LPM Sp. z o. o. Danfoss District Heating AB Tuchom, ul.tęczowa 46 Marieholmsgatan 10C 82-209 Chwaszczyno, 415 02 Göteborg Poland"
Läs mer
Relevanta dokument
2023 © DocPlayer.se Sekretesspolicy | Användarvillkor | Kontakta oss
"To make this website work, we log user data and share it with processors. To use this website, you must agree to our Privacy Policy, including cookie policy."
I agree.
----------------------------------------
